{
  "Service": {
    "id": "DoctorStoodService",
    "description": "分诊服务"
  },
  "Interface":{
    "id": "SaveRegTriageRecord",
    "description": "保存分诊服务"
  },
  "Arguments": {
    "type": "Map",
    "value": {
      "triageList": {
        "type": "List",
        "value": [
          {
            "type": "Map",
            "value": {
              "DOCTOR_ID": {"type":"Nothing"},
              "DOCTOR_NAME": {"type":"Nothing"},
              "PATIENT_NAME": {"type":"Nothing"},
              "DEPT_ID": {"type":"Nothing"},
              "DEPT_NAME": {"type":"Nothing"},
              "REG_ID": {"type":"Nothing"},
              "PATIENT_ID": {"type":"Nothing"},
              "ORG_CODE": {"type":"Nothing"},
              "HOSP_CODE": {"type":"Nothing"},
              "REG_DATE": {"type":"Nothing"},
              "OUTPATIENT_NO": {"type":"Nothing"},
              "CARD_NO": {"type":"Nothing"},
              "STATUS": {"type":"Nothing"},
              "REG_NO": {"type":"Nothing"},
              "SORT_NO": {"type":"Nothing"},
              "IS_AGAIN": {"type":"Nothing"},
              "VALIDTIME": {"type":"Nothing"},
              "ACCEPT_DEPT_ID": {"type":"Nothing"},
              "ACCEPT_DEPT_NAME": {"type":"Nothing"},
              "ACCEPT_DOCTOR_ID": {"type":"Nothing"},
              "ACCEPT_DOCTOR_NAME": {"type":"Nothing"},
              "CREATE_USER": {"type":"Nothing"},
              "IS_REFERRAL": {
                "type": "Integer",
                "value": 0
              }
            }
          }
        ]
      }
    }
  },
  "Results": {
    "type": "Map",
    "value": {
        "Success": {
            "type": "Nothing"
        },
        "data": {
            "type": "Map",
            "value": {
                "IsCompress": {
                    "type": "Nothing"
                },
                "Value": {
                    "type": "Map",
                    "value": {
                        "Code": {
                            "type": "Nothing"
                        },
                        "Message": {
                            "type": "Nothing"
                        }
                    }
                }
            }
          }
      }
  },
  "Mappings": [
    {
      "depends": {
        "src": {
          "id": "",
          "type": "Entry",
          "description": "挂号记录来源节点ID（从入口取值）",
          "properties": {
              "arguments": {
              "type": "Map",
              "value": {"type":"Nothing"}
            }
          }
        }
      },
      "template": {
        "type": "Map",
        "value": {
          "triageList": {
            "type": "List",
            "value": [
              {
                "type": "Map",
                "value": {
                  "DOCTOR_ID": {
                    "type": "Result",
                    "value": {
                      "serviceNodeId": "$src",
                      "serviceKeyName": "Reg_Record/DOCTOR_ID"
                    }
                  },
                  "DOCTOR_NAME": {
                    "type": "Result",
                    "value": {
                      "serviceNodeId": "$src",
                      "serviceKeyName": "Reg_Record/DOCTOR_NAME"
                    }
                  },
                  "PATIENT_NAME": {
                    "type": "Result",
                    "value": {
                      "serviceNodeId": "$src",
                      "serviceKeyName": "Reg_Record/PATIENT_NAME"
                    }
                  },
                  "DEPT_ID": {
                    "type": "Result",
                    "value": {
                      "serviceNodeId": "$src",
                      "serviceKeyName": "Reg_Record/DEPT_ID"
                    }
                  },
                  "DEPT_NAME": {
                    "type": "Result",
                    "value": {
                      "serviceNodeId": "$src",
                      "serviceKeyName": "Reg_Record/DEPT_NAME"
                    }
                  },
                  "REG_ID": {
                    "type": "Result",
                    "value": {
                      "serviceNodeId": "$src",
                      "serviceKeyName": "Reg_Record/ID"
                    }
                  },
                  "PATIENT_ID": {
                    "type": "Result",
                    "value": {
                      "serviceNodeId": "$src",
                      "serviceKeyName": "Reg_Record/PATIENT_ID"
                    }
                  },
                  "ORG_CODE": {
                    "type": "Result",
                    "value": {
                      "serviceNodeId": "$src",
                      "serviceKeyName": "Reg_Record/ORG_CODE"
                    }
                  },
                  "HOSP_CODE": {
                    "type": "Result",
                    "value": {
                      "serviceNodeId": "$src",
                      "serviceKeyName": "Reg_Record/HOSP_CODE"
                    }
                  },
                  "REG_DATE": {
                    "type": "Datetime",
                    "cast": "Date",
                    "value": {
                      "type": "Result",
                      "value": {
                        "serviceNodeId": "$src",
                        "serviceKeyName": "Reg_Record/REG_DATE"
                      }
                    }
                  },
                  "OUTPATIENT_NO": {
                    "type": "Result",
                    "value": {
                      "serviceNodeId": "$src",
                      "serviceKeyName": "Reg_Record/OUTPATIENT_NO"
                    }
                  },
                  "CARD_NO": {
                    "type": "Result",
                    "value": {
                      "serviceNodeId": "$src",
                      "serviceKeyName": "Reg_Record/CARD_NO"
                    }
                  },
                  "STATUS": {
                    "type": "Integer",
                    "value": 0
                  },
                  "REG_NO": {
                    "type": "Result",
                    "cast": "Integer",
                    "value": {
                      "serviceNodeId": "$src",
                      "serviceKeyName": "Reg_Record/QUEUE_NO"
                    }
                  },
                  "SORT_NO": {
                    "type": "Result",
                    "cast": "Integer",
                    "value": {
                      "serviceNodeId": "$src",
                      "serviceKeyName": "Reg_Record/QUEUE_NO"
                    }
                  },
                  "IS_AGAIN": {
                    "type": "Integer",
                    "value": 0
                  },
                  "VALIDTIME": {
                    "type": "TwoItem",
                    "cast": "Datetime",
                    "left": {
                      "type": "Datetime",
                      "value": {
                        "type": "String",
                        "value": "2020-12-20 00:00:00"
                      }
                    },
                    "right": {
                      "type": "Time",
                      "value": {
                        "Hour": {
                          "type": "Integer",
                          "value": 23
                        },
                        "Minute": {
                          "type": "Integer",
                          "value": 59
                        },
                        "Second": {
                          "type": "Integer",
                          "value": 59
                        }
                      }
                    },
                    "operator": "+"
                  },
                  "ACCEPT_DEPT_ID": {
                    "type": "Result",
                    "value": {
                      "serviceNodeId": "$src",
                      "serviceKeyName": "Reg_Record/DEPT_ID"
                    }
                  },
                  "ACCEPT_DEPT_NAME": {
                    "type": "Result",
                    "value": {
                      "serviceNodeId": "$src",
                      "serviceKeyName": "Reg_Record/DEPT_NAME"
                    }
                  },
                  "ACCEPT_DOCTOR_ID": {
                    "type": "Result",
                    "value": {
                      "serviceNodeId": "$src",
                      "serviceKeyName": "Reg_Record/DOCTOR_ID"
                    }
                  },
                  "ACCEPT_DOCTOR_NAME": {
                    "type": "Result",
                    "value": {
                      "serviceNodeId": "$src",
                      "serviceKeyName": "Reg_Record/DOCTOR_NAME"
                    }
                  },
                  "CREATE_USER": {
                    "type": "Result",
                    "value": {
                      "serviceNodeId": "$src",
                      "serviceKeyName": "Reg_Record/CREATE_USER"
                    }
                  },
                  "IS_REFERRAL": {
                    "type": "Integer",
                    "value": 0
                  }
                }
              }
            ]
          }
        }
      }
    }
  ]
}
