{
  "Service": {
    "id": "OutRegistrationRepository",
    "description": "门诊挂号"
  },
  "Interface":{
    "id": "IsExists",
    "description": "门诊号是否存在"
  },
  "Command": "select PATIENT_NAME from REG.REG_RECORD where ID=@REG_ID",
  "Arguments": {
    "type": "Map",
    "value": {
      "REG_ID": {
        "type": "Nothing"
      }
    }
  },
  "Results": {
    "type": "Nothing"
  },
  "Mappings": [
    {
      "depends": {
        "src": {
          "id": "",
          "type": "Entry",
          "description": "挂号记录来源节点ID（从入口取值）",
          "properties": {
            "arguments": {
              "type": "Map",
              "value": {
                "type": "Nothing"
              }
            }
          }
        }
      },
      "template": {
        "type": "Map",
        "value": {
          "REG_ID": {
            "type": "Result",
            "value": {
              "serviceNodeId": "$src",
              "serviceKeyName": "Reg_Record/ID"
            }
          }
        }
      }
    }
  ]
}
