{
  "Service": {
    "id": "OutRegistrationRepository",
    "description": "门诊挂号"
  },
  "Interface":{
    "id": "Update",
    "description": "更新挂号记录"
  },
  "Command": "update REG.REG_RECORD set ORG_NAME=@ORG_NAME,ORG_CODE=@ORG_CODE,HOSP_NAME=@HOSP_NAME,HOSP_CODE=@HOSP_CODE,PATIENT_ID=@PATIENT_ID,PATIENT_NAME=@PATIENT_NAME,SEX=@SEX,AGE=@AGE,REG_TYPE=@REG_TYPE,REG_SUB=@REG_SUB,OUTPATIENT_NO=@OUTPATIENT_NO,CARD_NO=@CARD_NO,CARD_CODE=@CARD_CODE,DEPT_ID=@DEPT_ID,DEPT_NAME=@DEPT_NAME,SITLEVEL_ID=@SITLEVEL_ID,SITLEVEL_NAME=@SITLEVEL_NAME,DOCTOR_ID=@DOCTOR_ID,DOCTOR_NAME=@DOCTOR_NAME,TOTAL_MONEY=@TOTAL_MONEY,REG_DATE=@REG_DATE,REG_TIME=@REG_TIME,QUEUE_NO=@QUEUE_NO,IS_APPOINT=@IS_APPOINT,REGSOURCE=@REGSOURCE,STATUS=@STATUS,PAY_STATUS=@PAY_STATUS,PAY_TIME=@PAY_TIME,CREATE_USER=@CREATE_USER,CREATE_DATE=@CREATE_DATE,IS_DELETE=@IS_DELETE,ID_NUMBER=@ID_NUMBER,UPDATE_USER=@UPDATE_USER,UPDATE_DATE=@UPDATE_DATE,UPDATE_USERNAME=@UPDATE_USERNAME where  ID=@ID",
  "Arguments": {
      "type": "Map",
      "value": {
          "ORG_NAME": {
              "type": "Nothing"
          },
          "ORG_CODE": {
              "type": "Nothing"
          },
          "HOSP_NAME": {
              "type": "Nothing"
          },
          "HOSP_CODE": {
              "type": "Nothing"
          },
          "PATIENT_ID": {
              "type": "Nothing"
          },
          "PATIENT_NAME": {
              "type": "Nothing"
          },
          "SEX": {
              "type": "Nothing"
          },
          "AGE": {
              "type": "Nothing"
          },
          "REG_TYPE": {
              "type": "Nothing"
          },
          "REG_SUB": {
              "type": "Nothing"
          },
          "OUTPATIENT_NO": {
              "type": "Nothing"
          },
          "CARD_NO": {
              "type": "Nothing"
          },
          "CARD_CODE": {
              "type": "Nothing"
          },
          "DEPT_ID": {
              "type": "Nothing"
          },
          "DEPT_NAME": {
              "type": "Nothing"
          },
          "SITLEVEL_ID": {
              "type": "Nothing"
          },
          "SITLEVEL_NAME": {
              "type": "Nothing"
          },
          "DOCTOR_ID": {
              "type": "Nothing"
          },
          "DOCTOR_NAME": {
              "type": "Nothing"
          },
          "TOTAL_MONEY": {
              "type": "Nothing"
          },
          "REG_DATE": {
              "type": "Nothing"
          },
          "REG_TIME": {
              "type": "Nothing"
          },
          "QUEUE_NO": {
              "type": "Nothing"
          },
          "IS_APPOINT": {
              "type": "Nothing"
          },
          "REGSOURCE": {
              "type": "Nothing"
          },
          "STATUS": {
              "type": "Nothing"
          },
          "PAY_STATUS": {
              "type": "Nothing"
          },
          "PAY_TIME": {
              "type": "Nothing"
          },
          "CREATE_USER": {
              "type": "Nothing"
          },
          "CREATE_DATE": {
              "type": "Nothing"
          },
          "IS_DELETE": {
              "type": "Nothing"
          },
          "ID_NUMBER": {
              "type": "Nothing"
          },
          "UPDATE_USER": {
              "type": "Nothing"
          },
          "UPDATE_DATE": {
              "type": "Nothing"
          },
          "UPDATE_USERNAME": {
              "type": "Nothing"
          },
          "ID": {
              "type": "Nothing"
          }
      }
  },
  "Results": {
      "type": "Nothing"
  },
  "Mappings": [
    {
      "depends": {
        "src": {
          "id": "",
          "type": "Entry",
          "description": "挂号记录来源节点ID（从入口取值）",
          "properties": {
            "arguments": {
              "type": "Map",
              "value": {
                "type": "Nothing"
              }
            }
          }
        }
      },
      "template": {
        "type": "Map",
        "value": {
          "Booking": {
            "type": "Result",
            "value": {
              "serviceNodeId": "$src",
              "serviceKeyName": "Reg_Record/ID"
            }
          }
        }
      }
    }
  ]
}
